code,name
227,낙성대
228,서울대입구
214,강변
P151,당정
217,잠실새내
156,주안
218,종합운동장
312,마두
542,답십리
219,삼성
I128,선학
220,선릉
221,역삼
222,강남
223,교대
225,방배
226,사당
229,봉천
230,신림
231,신대방
232,구로디지털단지
234,신도림
235,문래
234-4,까치산
201,시청
202,을지로입구
203,을지로3가
204,을지로4가
205,동대문역사문화공원
206,신당
209,한양대
210,뚝섬
211,성수
212,건대입구
213,구의
215,잠실나루
216,잠실
236,영등포구청
237,당산
238,합정
239,홍대입구
240,신촌
241,이대
242,아현
243,충정로
211-1,용답
211-2,신답
234-3,신정네거리
319,지축
320,구파발
321,연신내
322,불광
323,녹번
324,홍제
325,무악재
326,독립문
327,경복궁
328,안국
329,종로3가
330,을지로3가
332,동대입구
333,약수
334,금호
335,옥수
336,압구정
337,신사
338,잠원
339,고속터미널
340,교대
341,남부터미널
342,양재
343,매봉
344,도곡
345,대치
346,학여울
347,대청
348,일원
349,수서
350,가락시장
351,경찰병원
352,오금
409,당고개
410,상계
411,노원
412,창동
413,쌍문
414,수유
415,미아
416,미아사거리
417,길음
418,성신여대입구
419,한성대입구
420,혜화
421,동대문
422,동대문역사문화공원
423,충무로
424,명동
425,회현
426,서울역
427,숙대입구
428,삼각지
429,신용산
430,이촌
431,동작
432,총신대입구
433,사당
434,남태령
134,남영
135,용산
136,노량진
137,대방
139,영등포
140,신도림
K111,이촌
K112,서빙고
K114,옥수
K115,응봉
K116,왕십리
K117,청량리
123,회기
122,외대앞
121,신이문
120,석계
119,광운대
118,월계
117,녹천
116,창동
K215,선릉
k216,한티
K217,도곡
k218,구룡
k219,개포동
k220,대모산입구
K210,왕십리
K221,수서
K222,복정
138,신길
K119,중랑
K120,상봉
K121,망우
K122,양원
K123,구리
K124,도농
K125,양정
K126,덕소
K127,도심
K128,팔당
K129,운길산
K130,양수
K131,신원
K132,국수
K133,아신
K134,오빈
K135,양평
K136,원덕
K137,용문
K138,지평
P313,서울역
P312,신촌
K826,효창공원앞
K312,공덕
K313,서강대
K314,홍대입구
K316,디지털미디어시티
K317,수색
K318,화전
K319,강매
K320,행신
K321,능곡
K323,곡산
K324,백마
K325,풍산
K326,일산
K327,탄현
K328,야당
K329,운정
K330,금릉
K331,금촌
K333,월롱
K334,파주
K335,문산
K336,임진강
P116,광운대
P117,청량리
P118,회기
P120,상봉
P121,망우
P122,신내
P123,갈매
P124,별내
P125,퇴계원
P126,사릉
P127,금곡
P128,평내호평
P129,천마산
P130,마석
P131,대성리
P132,청평
P133,상천
P134,가평
P135,굴봉산
P136,백양리
P137,강촌
P138,김유정
P139,남춘천
P140,춘천
P170,봉명
P171,쌍용
P172,아산
P174,배방
P176,온양온천
P177,신창
435,선바위
436,경마공원
437,대공원
438,과천
439,정부과천청사
440,인덕원
441,평촌
442,범계
443,금정
K412,삼동
K413,경기광주
K414,초월
K415,곤지암
K416,신둔도예촌
K417,이천
K418,부발
K420,여주
141,구로
P142,가산디지털단지
P144,금천구청
P145,석수
P146,관악
P147,안양
P148,명학
P149,금정
P150,군포
P152,의왕
P153,성균관대
P154,화서
P155,수원
P143,독산
P156,세류
P157,병점
P158,세마
P159,오산대
K419,세종대왕릉
P160,오산
P161,진위
P162,송탄
P163,서정리
P165,평택
P166,성환
P167,직산
P168,두정
P169,천안
P157-1,서동탄
P144-1,광명
444,산본
446,대야미
447,반월
448,상록수
449,한대앞
450,중앙
451,고잔
452,초지
453,안산
454,신길온천
455,정왕
456,오이도
445,수리산
K250,오이도
143,개봉
144,오류동
146,역곡
148,부천
150,송내
152,부평
153,백운
154,동암
158,제물포
160,동인천
161,인천
142,구일
147,소사
151,부개
155,간석
159,도원
145,온수
149,중동
157,도화
K209,청량리
K211,서울숲
K212,압구정로데오
K213,강남구청
K214,선정릉
K223,가천대
K224,태평
K225,모란
K226,야탑
K228,서현
K229,수내
K230,정자
K231,미금
K227,이매
K234,보정
K235,구성
K236,신갈
K238,상갈
K239,청명
K240,영통
K241,망포
K242,매탄권선
K243,수원시청
K244,매교
K245,수원
K251,달월
K252,월곶
K253,소래포구
K254,인천논현
K255,호구포
K256,남동인더스파크
K257,원인재
K258,연수
K259,송도
K261,인하대
K262,숭의
K264,인천
115,방학
114,도봉
113,도봉산
112,망월사
111,회룡
110,의정부
109,가능
108,녹양
107,양주
106,덕계
105,덕정
104,지행
103,동두천중앙
102,보산
101,동두천
317,원흥
316,원당
314,대곡
313,백석
311,정발산
310,주엽
309,대화
510,방화
511,개화산
512,김포공항
513,송정
514,마곡
515,발산
516,우장산
517,화곡
518,까치산
519,신정
520,목동
521,오목교
522,양평
523,영등포구청
524,영등포시장
525,신길
318,삼송
526,여의도
527,여의나루
528,마포
529,공덕
530,애오개
531,충정로
532,서대문
533,광화문
534,종로3가
535,을지로4가
536,동대문역사문화공원
537,청구
538,신금호
539,행당
540,왕십리
541,마장
543,장한평
544,군자
545,아차산
546,광나루
547,천호
548,강동
549,길동
550,굽은다리
551,명일
552,고덕
553,상일동
P549,둔촌동
P550,올림픽공원
P551,방이
P552,오금
P553,개롱
P554,거여
P555,마천
610,응암
611,역촌
612,불광
613,독바위
614,연신내
615,구산
616,새절
617,증산
618,디지털미디어시티
619,월드컵경기장
620,마포구청
621,망원
622,합정
623,상수
624,광흥창
625,대흥
626,공덕
627,효창공원앞
628,삼각지
629,녹사평
630,이태원
631,한강진
632,버티고개
633,약수
635,신당
636,동묘앞
637,창신
638,보문
639,안암
640,고려대
641,월곡
642,상월곡
634,청구
643,돌곶이
644,석계
645,태릉입구
646,화랑대
647,봉화산
709,장암
710,도봉산
711,수락산
712,마들
713,노원
714,중계
715,하계
717,태릉입구
718,먹골
719,중화
720,상봉
721,면목
722,사가정
723,용마산
724,중곡
725,군자
726,어린이대공원
727,건대입구
728,뚝섬유원지
729,청담
730,강남구청
731,학동
732,논현
733,반포
734,고속터미널
735,내방
736,이수
716,공릉
737,남성
738,숭실대입구
739,상도
740,장승배기
741,신대방삼거리
742,보라매
743,신풍
744,대림
745,남구로
746,가산디지털단지
747,철산
748,광명사거리
749,천왕
750,온수
751,까치울
752,부천종합운동장
753,춘의
754,신중동
755,부천시청
757,삼산체육관
758,굴포천
759,부평구청
810,암사
811,천호
812,강동구청
813,몽촌토성
814,잠실
815,석촌
816,송파
817,가락시장
818,문정
819,장지
820,복정
756,상동
821,산성
822,남한산성입구
823,단대오거리
824,신흥
825,수진
826,모란
I110,계양
I111,귤현
I112,박촌
I113,임학
I114,계산
I115,경인교대입구
I116,작전
I117,갈산
I118,부평구청
I119,부평시장
I120,부평
I121,동수
I122,부평삼거리
I124,인천시청
I125,예술회관
I126,인천터미널
I127,문학경기장
I129,신연수
I130,원인재
I131,동춘
I132,동막
I133,캠퍼스타운
I134,테크노파크
I135,지식정보단지
I136,인천대입구
I137,센트럴파크
I138,국제업무지구
I203,검단사거리
I204,마전
I202,왕길
I205,완정
I206,독정
I207,검암
I208,검바위
I210,서구청
I211,가정
I212,가정중앙시장
I213,석남
I214,서부여성회관
I215,인천가좌
I216,가재울
I217,주안국가산단
I218,주안
I219,시민공원
I220,석바위시장
I221,인천시청
I222,석천사거리
I223,모래내시장
I224,만수
I226,인천대공원
I227,운연
901,개화
902,김포공항
903,공항시장
904,신방화
905,마곡나루
906,양천향교
908,증미
909,등촌
910,염창
911,신목동
912,선유도
913,당산
914,국회의사당
915,여의도
916,샛강
917,노량진
918,노들
919,흑석
920,동작
921,구반포
922,신반포
907,가양
923,고속터미널
924,사평
925,신논현
927,선정릉
928,삼성중앙
929,봉은사
930,종합운동장
931,삼전
932,석촌고분
933,석촌
934,송파나루
935,한성백제
936,올림픽공원
937,둔촌오륜
938,중앙보훈병원
A01,서울역
A02,공덕
A03,홍대입구
A04,디지털미디어시티
A042,마곡나루
A05,김포공항
A06,계양
A07,검암
A071,청라국제도시
A08,운서
D9,양재시민의숲
D11,판교
D12,정자
D13,미금
D14,동천
D15,수지구청
D16,성복
D17,상현
D18,광교중앙
D19,광교
U111,회룡
U112,범골
U113,경전철의정부
U114,의정부시청
U115,흥선
U117,의정부중앙
U118,동오
U119,새말
U120,경기도청북부청사
U121,효자
U122,곤제
U123,어룡
A09,공항화물청사
A10,인천공항1터미널
A11,인천공항2터미널
A072,영종
D7,강남
D8,양재
Y111,강남대
Y112,지석
Y113,어정
Y114,동백
Y115,초당
Y117,시청.용인대
Y118,명지대
Y119,김량장
Y120,운동장.송담대
Y121,고진
Y123,보평
Y125,둔전
U110,발곡
U124,송산
U125,탑석
941,북한산우이
942,솔밭공원
943,419민주묘지
944,가오리
947,삼양사거리
948,솔샘
949,북한산보국문
950,정릉
951,성신여대입구
952,보문
K232,오리
I123,간석오거리
130,종로3가
129,종로5가
128,동대문
126,신설동
125,제기동
124,청량리
127,동묘앞
K322,대곡
331,충무로
K233,죽전
D10,청계산입구
953,신설동
841,소사
842,소새울
843,시흥대야
844,신천
845,신현
846,시흥시청
847,시흥능곡
848,달미
849,선부
850,초지
701,원곡
702,원시
690,양촌
691,구래
692,마산
693,장기
694,운양
695,걸포북변
696,사우
697,풍무
698,고촌
699,김포공항
224,서초
K411,이매
100,소요산
I225,남동구청
208,왕십리
K410,판교
K263,신포
648,신내
207,상왕십리
Y116,삼가
K113,한남
P164,지제
Y126,전대.에버랜드
233,대림
I209,아시아드경기장
211-4,신설동
234-1,도림천
234-2,양천구청
211-3,용두
P119,중랑
K237,기흥
I201,검단오류
K110,용산
K245,수원
315,화정
926,언주
Y110,기흥
133,서울역
132,시청
131,종각
945,화계
946,삼양
K118,회기
K315,가좌
